timestamp,product,midprice
0,PEARLS,4999.0
0,BANANAS,2473.0
100,PEARLS,9999.0
100,BANANAS,2472.5
200,BANANAS,2472.5
200,PEARLS,4998.0
300,PEARLS,9997.0
300,BANANAS,2472.5
400,PEARLS,4999.0
400,BANANAS,2473.0
500,PEARLS,5001.0
500,BANANAS,2472.5
600,BANANAS,2473.0
600,PEARLS,9999.0
700,PEARLS,4999.0
700,BANANAS,2473.0
800,PEARLS,4997.5
800,BANANAS,2472.0
900,BANANAS,2472.0
900,PEARLS,4998.0
1000,BANANAS,2472.0
1000,PEARLS,4998.0
1100,BANANAS,2472.0
1100,PEARLS,4998.0
1200,PEARLS,4999.0
1200,BANANAS,2472.5
1300,PEARLS,4998.0
1300,BANANAS,2472.0
1400,BANANAS,2472.5
1400,PEARLS,4998.0
1500,PEARLS,5001.0
1500,BANANAS,2475.0
1600,PEARLS,4998.0
1600,BANANAS,2472.5
1700,PEARLS,4997.5
1700,BANANAS,2472.5
1800,BANANAS,2473.0
1800,PEARLS,4998.0
1900,PEARLS,4998.0
1900,BANANAS,2472.5
2000,PEARLS,9999.0
2000,BANANAS,4947.5
2100,PEARLS,4997.5
2100,BANANAS,2472.5
2200,BANANAS,2472.5
2200,PEARLS,4998.0
2300,PEARLS,4998.0
2300,BANANAS,2473.0
2400,PEARLS,4999.0
2400,BANANAS,2475.5
2500,BANANAS,2473.5
2500,PEARLS,4998.0
2600,BANANAS,2473.0
2600,PEARLS,4997.5
2700,BANANAS,2473.5
2700,PEARLS,4999.0
2800,PEARLS,4999.0
2800,BANANAS,2476.0
2900,BANANAS,2473.0
2900,PEARLS,5001.0
3000,BANANAS,2473.0
3000,PEARLS,4998.0
3100,BANANAS,2473.5
3100,PEARLS,4998.0
3200,PEARLS,9999.0
3200,BANANAS,2473.5
3300,BANANAS,2473.0
3300,PEARLS,4998.0
3400,BANANAS,2473.0
3400,PEARLS,4998.0
3500,BANANAS,2473.0
3500,PEARLS,9999.0
3600,PEARLS,4997.5
3600,BANANAS,2473.5
3700,BANANAS,4949.5
3700,PEARLS,9998.0
3800,BANANAS,2473.5
3800,PEARLS,5001.0
3900,BANANAS,2474.0
3900,PEARLS,4999.0
4000,PEARLS,5001.0
4000,BANANAS,2473.5
4100,BANANAS,2473.0
4100,PEARLS,4998.0
4200,BANANAS,2473.0
4200,PEARLS,4998.0
4300,BANANAS,2473.0
4300,PEARLS,4998.0
4400,PEARLS,9997.0
4400,BANANAS,2473.0
4500,BANANAS,2473.0
4500,PEARLS,4997.5
4600,BANANAS,2473.0
4600,PEARLS,4998.0
4700,BANANAS,4946.5
4700,PEARLS,4999.0
4800,PEARLS,5001.0
4800,BANANAS,2475.5
4900,BANANAS,2473.0
4900,PEARLS,4997.5
5000,BANANAS,2473.5
5000,PEARLS,4999.0
5100,BANANAS,2473.5
5100,PEARLS,5001.0
5200,PEARLS,4998.0
5200,BANANAS,2473.5
5300,PEARLS,4997.5
5300,BANANAS,2473.5
5400,BANANAS,2473.5
5400,PEARLS,9997.5
5500,BANANAS,2473.5
5500,PEARLS,4998.0
5600,BANANAS,2473.5
5600,PEARLS,5001.0
5700,PEARLS,4999.0
5700,BANANAS,2475.0
5800,PEARLS,5001.0
5800,BANANAS,2476.5
5900,BANANAS,2473.5
5900,PEARLS,5000.0
6000,PEARLS,9997.0
6000,BANANAS,2473.5
6100,PEARLS,9998.0
6100,BANANAS,2473.5
6200,PEARLS,4998.0
6200,BANANAS,2473.5
6300,BANANAS,2473.5
6300,PEARLS,4997.5
6400,PEARLS,5000.0
6400,BANANAS,2473.5
6500,PEARLS,4997.5
6500,BANANAS,2473.5
6600,PEARLS,4998.0
6600,BANANAS,2474.0
6700,BANANAS,2474.0
6700,PEARLS,5001.0
6800,BANANAS,2474.0
6800,PEARLS,4999.0
6900,PEARLS,4997.5
6900,BANANAS,2476.0
7000,PEARLS,5000.0
7000,BANANAS,2474.0
7100,PEARLS,4998.0
7100,BANANAS,2473.5
7200,BANANAS,2473.5
7200,PEARLS,4998.0
7300,PEARLS,9999.0
7300,BANANAS,2473.5
7400,PEARLS,5001.0
7400,BANANAS,2473.5
7500,PEARLS,4997.5
7500,BANANAS,2473.5
7600,BANANAS,2473.0
7600,PEARLS,4998.0
7700,PEARLS,4997.5
7700,BANANAS,2475.5
7800,PEARLS,4998.0
7800,BANANAS,2475.5
7900,PEARLS,9999.0
7900,BANANAS,2473.0
8000,BANANAS,2472.5
8000,PEARLS,4998.0
8100,PEARLS,4997.5
8100,BANANAS,2472.5
8200,PEARLS,9996.5
8200,BANANAS,2474.5
8300,PEARLS,5001.0
8300,BANANAS,2473.0
8400,BANANAS,2472.5
8400,PEARLS,4997.5
8500,PEARLS,4997.5
8500,BANANAS,2473.5
8600,PEARLS,4998.0
8600,BANANAS,2472.0
8700,PEARLS,4998.0
8700,BANANAS,2472.5
8800,BANANAS,2472.5
8800,PEARLS,4997.5
8900,PEARLS,5001.0
8900,BANANAS,2472.5
9000,PEARLS,4997.5
9000,BANANAS,2472.5
9100,PEARLS,4998.0
9100,BANANAS,4947.5
9200,BANANAS,2472.5
9200,PEARLS,4997.5
9300,PEARLS,4997.5
9300,BANANAS,2472.5
9400,PEARLS,4998.0
9400,BANANAS,2473.0
9500,PEARLS,4999.0
9500,BANANAS,2473.0
9600,BANANAS,2472.5
9600,PEARLS,4997.5
9700,PEARLS,4999.0
9700,BANANAS,2473.0
9800,PEARLS,4997.5
9800,BANANAS,2472.5
9900,BANANAS,2472.5
9900,PEARLS,4997.5
10000,BANANAS,2473.0
10000,PEARLS,4999.0
10100,BANANAS,2472.5
10100,PEARLS,4997.5
10200,PEARLS,4998.0
10200,BANANAS,2473.0
10300,PEARLS,4998.0
10300,BANANAS,2473.0
10400,BANANAS,2473.0
10400,PEARLS,4997.5
10500,PEARLS,4999.0
10500,BANANAS,2473.0
10600,PEARLS,9996.5
10600,BANANAS,2472.5
10700,PEARLS,4999.0
10700,BANANAS,2473.0
10800,BANANAS,2473.5
10800,PEARLS,5001.0
10900,PEARLS,4998.0
10900,BANANAS,2473.5
11000,PEARLS,4998.0
11000,BANANAS,2473.0
11100,PEARLS,9999.0
11100,BANANAS,4948.5
11200,BANANAS,2473.0
11200,PEARLS,5001.0
11300,BANANAS,2475.0
11300,PEARLS,4998.0
11400,PEARLS,4999.0
11400,BANANAS,2473.0
11500,BANANAS,2472.5
11500,PEARLS,4999.0
11600,BANANAS,2472.0
11600,PEARLS,4997.5
11700,BANANAS,2472.0
11700,PEARLS,4998.0
11800,PEARLS,4997.5
11800,BANANAS,2472.0
11900,BANANAS,2472.0
11900,PEARLS,4997.5
12000,BANANAS,2471.5
12000,PEARLS,4997.5
12100,BANANAS,4945.5
12100,PEARLS,9999.0
12200,PEARLS,4999.0
12200,BANANAS,2472.0
12300,BANANAS,2471.5
12300,PEARLS,9998.0
12400,BANANAS,2471.5
12400,PEARLS,4998.0
12500,BANANAS,2471.5
12500,PEARLS,5001.0
12600,PEARLS,4999.0
12600,BANANAS,2472.0
12700,BANANAS,2471.5
12700,PEARLS,4998.0
12800,BANANAS,2471.5
12800,PEARLS,9999.0
12900,BANANAS,2472.0
12900,PEARLS,4997.5
13000,PEARLS,4997.5
13000,BANANAS,2471.5
13100,BANANAS,2472.0
13100,PEARLS,4998.0
13200,BANANAS,2471.5
13200,PEARLS,4997.5
13300,BANANAS,2474.5
13300,PEARLS,4998.0
13400,PEARLS,5001.0
13400,BANANAS,2472.0
13500,BANANAS,2473.5
13500,PEARLS,9999.0
13600,BANANAS,2472.0
13600,PEARLS,4998.0
13700,BANANAS,2473.5
13700,PEARLS,10001.0
13800,PEARLS,4998.0
13800,BANANAS,2471.5
13900,BANANAS,2471.0
13900,PEARLS,4997.5
14000,BANANAS,2474.0
14000,PEARLS,4998.0
14100,BANANAS,2471.0
14100,PEARLS,5000.0
14200,BANANAS,2471.0
14200,PEARLS,4998.0
14300,PEARLS,4998.0
14300,BANANAS,2471.5
14400,BANANAS,2471.5
14400,PEARLS,4999.0
14500,BANANAS,2471.5
14500,PEARLS,9998.0
14600,PEARLS,4997.5
14600,BANANAS,2471.0
14700,PEARLS,4999.0
14700,BANANAS,2471.5
14800,PEARLS,4998.0
14800,BANANAS,2471.5
14900,BANANAS,2471.5
14900,PEARLS,9999.0
15000,PEARLS,4998.0
15000,BANANAS,2471.0
15100,PEARLS,5001.0
15100,BANANAS,2474.0
15200,PEARLS,9999.0
15200,BANANAS,2473.0
15300,BANANAS,2471.5
15300,PEARLS,4999.0
15400,PEARLS,9999.0
15400,BANANAS,2471.0
15500,PEARLS,4999.0
15500,BANANAS,2474.0
15600,PEARLS,4998.0
15600,BANANAS,2471.5
15700,PEARLS,4998.0
15700,BANANAS,2472.0
15800,BANANAS,2472.5
15800,PEARLS,4999.0
15900,PEARLS,4999.0
15900,BANANAS,2472.5
16000,PEARLS,9999.0
16000,BANANAS,4947.5
16100,PEARLS,4999.0
16100,BANANAS,2472.5
16200,BANANAS,2472.0
16200,PEARLS,4997.5
16300,PEARLS,9999.0
16300,BANANAS,2472.0
16400,PEARLS,9997.0
16400,BANANAS,2472.5
16500,PEARLS,4998.0
16500,BANANAS,2472.5
16600,BANANAS,2472.5
16600,PEARLS,4998.0
16700,PEARLS,5001.0
16700,BANANAS,2472.0
16800,PEARLS,9999.0
16800,BANANAS,4946.5
16900,PEARLS,4998.0
16900,BANANAS,2472.0
17000,BANANAS,2472.0
17000,PEARLS,4997.5
17100,PEARLS,4999.0
17100,BANANAS,2472.5
17200,PEARLS,4999.0
17200,BANANAS,2473.0
17300,PEARLS,9996.5
17300,BANANAS,4946.0
17400,BANANAS,2473.0
17400,PEARLS,4998.0
17500,PEARLS,4998.0
17500,BANANAS,2475.5
17600,PEARLS,4997.5
17600,BANANAS,2472.5
17700,PEARLS,4998.0
17700,BANANAS,2472.5
17800,BANANAS,2472.0
17800,PEARLS,4997.5
17900,PEARLS,4999.0
17900,BANANAS,2472.5
18000,PEARLS,4999.0
18000,BANANAS,2472.5
18100,PEARLS,4997.5
18100,BANANAS,2472.5
18200,BANANAS,2475.0
18200,PEARLS,4998.0
18300,PEARLS,4998.0
18300,BANANAS,2472.0
18400,PEARLS,4998.0
18400,BANANAS,2472.5
18500,PEARLS,4999.0
18500,BANANAS,2473.0
18600,BANANAS,4947.5
18600,PEARLS,9999.0
18700,BANANAS,2472.5
18700,PEARLS,5001.0
18800,PEARLS,4998.0
18800,BANANAS,2472.5
18900,BANANAS,2472.5
18900,PEARLS,4998.0
19000,BANANAS,2472.5
19000,PEARLS,4997.5
19100,PEARLS,9998.0
19100,BANANAS,2472.5
19200,PEARLS,9999.0
19200,BANANAS,2472.5
19300,PEARLS,4998.0
19300,BANANAS,2472.5
19400,BANANAS,4948.5
19400,PEARLS,9999.0
19500,PEARLS,4998.0
19500,BANANAS,2473.0
19600,PEARLS,4998.0
19600,BANANAS,2473.0
19700,PEARLS,9999.0
19700,BANANAS,4948.5
19800,BANANAS,2473.0
19800,PEARLS,5001.0
19900,PEARLS,4998.0
19900,BANANAS,2473.0
20000,PEARLS,9999.0
20000,BANANAS,2473.0
20100,PEARLS,4999.0
20100,BANANAS,2473.5
20200,BANANAS,2473.0
20200,PEARLS,4997.5
20300,BANANAS,2473.0
20300,PEARLS,4998.0
20400,PEARLS,4997.5
20400,BANANAS,2473.0
20500,BANANAS,2473.0
20500,PEARLS,4997.5
20600,BANANAS,2473.5
20600,PEARLS,4998.0
20700,BANANAS,4947.5
20700,PEARLS,9999.0
20800,PEARLS,4998.0
20800,BANANAS,2476.5
20900,BANANAS,2473.5
20900,PEARLS,4998.0
21000,BANANAS,2474.0
21000,PEARLS,4997.5
21100,BANANAS,2474.5
21100,PEARLS,4999.0
21200,PEARLS,4997.5
21200,BANANAS,2473.5
21300,BANANAS,2473.5
21300,PEARLS,4997.5
21400,BANANAS,2474.0
21400,PEARLS,4997.5
21500,BANANAS,2476.0
21500,PEARLS,4998.0
21600,PEARLS,5001.0
21600,BANANAS,2475.5
21700,BANANAS,2474.0
21700,PEARLS,9999.0
21800,BANANAS,2474.5
21800,PEARLS,4999.0
21900,BANANAS,2474.0
21900,PEARLS,4998.0
22000,PEARLS,9998.0
22000,BANANAS,2473.5
22100,BANANAS,2474.0
22100,PEARLS,4998.0
22200,BANANAS,4950.5
22200,PEARLS,9999.0
22300,BANANAS,2474.0
22300,PEARLS,4998.0
22400,PEARLS,5001.0
22400,BANANAS,2474.0
22500,BANANAS,2474.0
22500,PEARLS,5001.0
22600,BANANAS,2474.0
22600,PEARLS,9999.0
22700,BANANAS,2474.0
22700,PEARLS,4997.5
22800,PEARLS,9997.0
22800,BANANAS,2474.0
22900,BANANAS,2474.0
22900,PEARLS,9997.0
23000,BANANAS,2474.5
23000,PEARLS,4999.0
23100,BANANAS,2474.0
23100,PEARLS,9999.0
23200,BANANAS,2474.0
23200,PEARLS,9996.5
23300,PEARLS,4997.5
23300,BANANAS,2473.5
23400,BANANAS,2474.5
23400,PEARLS,4999.0
23500,BANANAS,2475.0
23500,PEARLS,4998.0
23600,PEARLS,4997.5
23600,BANANAS,2476.0
23700,PEARLS,4997.5
23700,BANANAS,2473.5
23800,PEARLS,4998.0
23800,BANANAS,2474.0
23900,BANANAS,2476.5
23900,PEARLS,4997.5
24000,PEARLS,9999.0
24000,BANANAS,2473.5
24100,PEARLS,4998.0
24100,BANANAS,2473.0
24200,PEARLS,4999.0
24200,BANANAS,2475.5
24300,BANANAS,2472.5
24300,PEARLS,5001.0
24400,PEARLS,4997.5
24400,BANANAS,2472.0
24500,PEARLS,9996.5
24500,BANANAS,2474.5
24600,PEARLS,4998.0
24600,BANANAS,2472.5
24700,PEARLS,4998.0
24700,BANANAS,2472.5
24800,BANANAS,2472.5
24800,PEARLS,4998.0
24900,PEARLS,4999.0
24900,BANANAS,2472.5
25000,PEARLS,9999.0
25000,BANANAS,2472.0
25100,PEARLS,4997.5
25100,BANANAS,2473.0
25200,BANANAS,2472.0
25200,PEARLS,4998.0
25300,PEARLS,9999.0
25300,BANANAS,2472.0
25400,PEARLS,4999.0
25400,BANANAS,2472.5
25500,PEARLS,4999.0
25500,BANANAS,2473.0
25600,BANANAS,2475.0
25600,PEARLS,4998.0
25700,PEARLS,4998.0
25700,BANANAS,2472.5
25800,PEARLS,4998.0
25800,BANANAS,2472.5
25900,PEARLS,4997.5
25900,BANANAS,2472.0
26000,BANANAS,2472.5
26000,PEARLS,4997.5
26100,PEARLS,4997.5
26100,BANANAS,2472.5
26200,PEARLS,4998.0
26200,BANANAS,2472.5
26300,PEARLS,4997.5
26300,BANANAS,2472.5
26400,BANANAS,2472.5
26400,PEARLS,5001.0
26500,PEARLS,9999.0
26500,BANANAS,2472.5
26600,PEARLS,5001.0
26600,BANANAS,2473.0
26700,PEARLS,4997.5
26700,BANANAS,2472.5
26800,BANANAS,2472.5
26800,PEARLS,4997.5
26900,PEARLS,9996.5
26900,BANANAS,2472.5
27000,PEARLS,9999.0
27000,BANANAS,2472.5
27100,PEARLS,9999.0
27100,BANANAS,2472.5
27200,BANANAS,2475.0
27200,PEARLS,4999.0
27300,PEARLS,5000.0
27300,BANANAS,2473.0
27400,PEARLS,4998.0
27400,BANANAS,2473.0
27500,BANANAS,4946.0
27500,PEARLS,9999.0
27600,BANANAS,2472.5
27600,PEARLS,9997.0
27700,BANANAS,2473.0
27700,PEARLS,4998.0
27800,PEARLS,4997.5
27800,BANANAS,2473.5
27900,PEARLS,9997.0
27900,BANANAS,2473.5
28000,BANANAS,2473.0
28000,PEARLS,4997.5
28100,PEARLS,4997.5
28100,BANANAS,2472.5
28200,PEARLS,4998.0
28200,BANANAS,2473.0
28300,PEARLS,9999.0
28300,BANANAS,2473.0
28400,BANANAS,2473.5
28400,PEARLS,4997.5
28500,PEARLS,4998.0
28500,BANANAS,2476.0
28600,PEARLS,4999.0
28600,BANANAS,2474.5
28700,PEARLS,4998.0
28700,BANANAS,2474.0
28800,BANANAS,2474.5
28800,PEARLS,4998.0
28900,PEARLS,4997.5
28900,BANANAS,2474.5
29000,PEARLS,4997.5
29000,BANANAS,2474.5
29100,BANANAS,2475.5
29100,PEARLS,4999.0
29200,BANANAS,2475.0
29200,PEARLS,4997.5
29300,BANANAS,2475.0
29300,PEARLS,4997.5
29400,PEARLS,4998.0
29400,BANANAS,2477.0
29500,BANANAS,2474.5
29500,PEARLS,5001.0
29600,BANANAS,2474.5
29600,PEARLS,4997.5
29700,BANANAS,2475.0
29700,PEARLS,4998.0
29800,PEARLS,4999.0
29800,BANANAS,2475.0
29900,BANANAS,2475.0
29900,PEARLS,9999.0
30000,BANANAS,4952.5
30000,PEARLS,9999.0
30100,BANANAS,2474.5
30100,PEARLS,4997.5
30200,PEARLS,4998.0
30200,BANANAS,2474.5
30300,BANANAS,2474.5
30300,PEARLS,9999.0
30400,BANANAS,2474.0
30400,PEARLS,4998.0
30500,BANANAS,2474.0
30500,PEARLS,4998.0
30600,PEARLS,4997.5
30600,BANANAS,2474.0
30700,BANANAS,2476.5
30700,PEARLS,4998.0
30800,BANANAS,2474.0
30800,PEARLS,4997.5
30900,BANANAS,2475.0
30900,PEARLS,4999.0
31000,PEARLS,4997.5
31000,BANANAS,2475.0
31100,BANANAS,2475.0
31100,PEARLS,4998.0
31200,BANANAS,2475.0
31200,PEARLS,4998.0
31300,BANANAS,2475.0
31300,PEARLS,4997.5
31400,PEARLS,4998.0
31400,BANANAS,2475.5
31500,BANANAS,2475.5
31500,PEARLS,4997.5
31600,BANANAS,2476.0
31600,PEARLS,4999.0
31700,BANANAS,2475.5
31700,PEARLS,9996.5
31800,PEARLS,4997.5
31800,BANANAS,2475.0
31900,BANANAS,2476.0
31900,PEARLS,4999.0
32000,BANANAS,2475.5
32000,PEARLS,9998.0
32100,BANANAS,2475.5
32100,PEARLS,4998.0
32200,BANANAS,4953.5
32200,PEARLS,9999.0
32300,PEARLS,9999.0
32300,BANANAS,2475.0
32400,PEARLS,9999.0
32400,BANANAS,4950.5
32500,BANANAS,2477.5
32500,PEARLS,4998.0
32600,PEARLS,4997.5
32600,BANANAS,2475.0
32700,PEARLS,5001.0
32700,BANANAS,2475.0
32800,PEARLS,4997.5
32800,BANANAS,2474.5
32900,BANANAS,2475.0
32900,PEARLS,9999.0
33000,PEARLS,5001.0
33000,BANANAS,2474.5
33100,PEARLS,4997.5
33100,BANANAS,2474.0
33200,PEARLS,4997.5
33200,BANANAS,2474.0
33300,BANANAS,4951.5
33300,PEARLS,9999.0
33400,PEARLS,4997.5
33400,BANANAS,2474.5
33500,PEARLS,4999.0
33500,BANANAS,2475.0
33600,PEARLS,4997.5
33600,BANANAS,2474.5
33700,PEARLS,4999.0
33700,BANANAS,2475.0
33800,BANANAS,2474.0
33800,PEARLS,5001.0
33900,PEARLS,4997.5
33900,BANANAS,2474.0
34000,PEARLS,5001.0
34000,BANANAS,2476.5
34100,PEARLS,4998.0
34100,BANANAS,2474.0
34200,BANANAS,2474.5
34200,PEARLS,4998.0
34300,PEARLS,4998.0
34300,BANANAS,2474.5
34400,PEARLS,4998.0
34400,BANANAS,2474.5
34500,PEARLS,4997.5
34500,BANANAS,2474.0
34600,BANANAS,2474.0
34600,PEARLS,4997.5
34700,PEARLS,4997.5
34700,BANANAS,2474.0
34800,PEARLS,5001.0
34800,BANANAS,2474.0
34900,PEARLS,4998.0
34900,BANANAS,2474.5
35000,BANANAS,2474.5
35000,PEARLS,9999.0
35100,PEARLS,4998.0
35100,BANANAS,2474.5
35200,PEARLS,4997.5
35200,BANANAS,2474.5
35300,PEARLS,4999.0
35300,BANANAS,2475.5
35400,BANANAS,2475.0
35400,PEARLS,4997.5
35500,PEARLS,5001.0
35500,BANANAS,2475.0
35600,PEARLS,4999.0
35600,BANANAS,2475.0
35700,PEARLS,5001.0
35700,BANANAS,2475.0
35800,BANANAS,2475.0
35800,PEARLS,4998.0
35900,PEARLS,9999.0
35900,BANANAS,4950.5
36000,PEARLS,4997.5
36000,BANANAS,2475.0
36100,PEARLS,4997.5
36100,BANANAS,2475.0
36200,BANANAS,2475.0
36200,PEARLS,9999.0
36300,PEARLS,4997.5
36300,BANANAS,2475.5
36400,PEARLS,9999.0
36400,BANANAS,2475.0
36500,BANANAS,2475.5
36500,PEARLS,9999.0
36600,BANANAS,2475.5
36600,PEARLS,5001.0
36700,BANANAS,2477.0
36700,PEARLS,5001.0
36800,PEARLS,5001.0
36800,BANANAS,2475.0
36900,PEARLS,9999.0
36900,BANANAS,2475.0
37000,BANANAS,2476.5
37000,PEARLS,4999.0
37100,PEARLS,4998.0
37100,BANANAS,2477.5
37200,PEARLS,4999.0
37200,BANANAS,2475.5
37300,PEARLS,5001.0
37300,BANANAS,2475.0
37400,BANANAS,2475.0
37400,PEARLS,4998.0
37500,PEARLS,5001.0
37500,BANANAS,2477.5
37600,PEARLS,4998.0
37600,BANANAS,2475.0
37700,PEARLS,4998.0
37700,BANANAS,2477.5
37800,BANANAS,2475.0
37800,PEARLS,4998.0
37900,BANANAS,2475.0
37900,PEARLS,9998.0
38000,PEARLS,4997.5
38000,BANANAS,2475.0
38100,BANANAS,2474.5
38100,PEARLS,4997.5
38200,BANANAS,2475.0
38200,PEARLS,4997.5
38300,BANANAS,2474.5
38300,PEARLS,4998.0
38400,PEARLS,5001.0
38400,BANANAS,2474.0
38500,BANANAS,2477.0
38500,PEARLS,5001.0
38600,BANANAS,2474.0
38600,PEARLS,5001.0
38700,BANANAS,2474.5
38700,PEARLS,4998.0
38800,PEARLS,4997.5
38800,BANANAS,2474.5
38900,BANANAS,4952.5
38900,PEARLS,4998.0
39000,BANANAS,2475.0
39000,PEARLS,4997.5
39100,BANANAS,2474.5
39100,PEARLS,9999.0
39200,PEARLS,4997.5
39200,BANANAS,2477.5
39300,BANANAS,2475.0
39300,PEARLS,4999.0
39400,BANANAS,2475.0
39400,PEARLS,4998.0
39500,BANANAS,2475.0
39500,PEARLS,4998.0
39600,PEARLS,4997.5
39600,BANANAS,2474.5
39700,BANANAS,2474.5
39700,PEARLS,4997.5
39800,BANANAS,2474.5
39800,PEARLS,9999.0
39900,BANANAS,2475.0
39900,PEARLS,4999.0
40000,PEARLS,4999.0
40000,BANANAS,2476.5
40100,BANANAS,2474.5
40100,PEARLS,5001.0
40200,BANANAS,2474.5
40200,PEARLS,9999.0
40300,BANANAS,2474.5
40300,PEARLS,9998.0
40400,PEARLS,9999.0
40400,BANANAS,4950.5
40500,BANANAS,2474.0
40500,PEARLS,4997.5
40600,BANANAS,2474.0
40600,PEARLS,9997.0
40700,BANANAS,2474.0
40700,PEARLS,4998.0
40800,PEARLS,4997.5
40800,BANANAS,2474.0
40900,PEARLS,4997.5
40900,BANANAS,2474.0
41000,BANANAS,2474.5
41000,PEARLS,4999.0
41100,BANANAS,2473.5
41100,PEARLS,4998.0
41200,BANANAS,2473.5
41200,PEARLS,9997.0
41300,PEARLS,9998.0
41300,BANANAS,2473.0
41400,PEARLS,4997.5
41400,BANANAS,2473.5
41500,BANANAS,2474.0
41500,PEARLS,4999.0
41600,PEARLS,9997.0
41600,BANANAS,2474.0
41700,PEARLS,4997.5
41700,BANANAS,2473.5
41800,PEARLS,9999.0
41800,BANANAS,2473.5
41900,BANANAS,2474.5
41900,PEARLS,4999.0
42000,PEARLS,4998.0
42000,BANANAS,2474.0
42100,PEARLS,4997.5
42100,BANANAS,2474.0
42200,PEARLS,4997.5
42200,BANANAS,2474.0
42300,BANANAS,2476.5
42300,PEARLS,5000.0
42400,BANANAS,2474.0
42400,PEARLS,9997.0
42500,PEARLS,4998.0
42500,BANANAS,2474.0
42600,PEARLS,4997.5
42600,BANANAS,2473.5
42700,PEARLS,4998.0
42700,BANANAS,2473.5
42800,BANANAS,2473.5
42800,PEARLS,4997.5
42900,PEARLS,4997.5
42900,BANANAS,2473.0
43000,PEARLS,5001.0
43000,BANANAS,2473.0
43100,PEARLS,9999.0
43100,BANANAS,4948.5
43200,BANANAS,2473.0
43200,PEARLS,9998.0
43300,PEARLS,4997.5
43300,BANANAS,2473.0
43400,PEARLS,9999.0
43400,BANANAS,4948.5
43500,PEARLS,9999.0
43500,BANANAS,4948.5
43600,BANANAS,2472.5
43600,PEARLS,4997.5
43700,PEARLS,4998.0
43700,BANANAS,2473.0
43800,PEARLS,4997.5
43800,BANANAS,2472.5
43900,PEARLS,4997.5
43900,BANANAS,2472.5
44000,BANANAS,2472.5
44000,PEARLS,5001.0
44100,PEARLS,4998.0
44100,BANANAS,2472.5
44200,PEARLS,4999.0
44200,BANANAS,2472.5
44300,PEARLS,4998.0
44300,BANANAS,2472.5
44400,BANANAS,2472.5
44400,PEARLS,4998.0
44500,PEARLS,4998.0
44500,BANANAS,2472.5
44600,PEARLS,4997.5
44600,BANANAS,2472.5
44700,PEARLS,9999.0
44700,BANANAS,2472.5
44800,BANANAS,2472.5
44800,PEARLS,9999.0
44900,PEARLS,4997.5
44900,BANANAS,2472.5
45000,PEARLS,4998.0
45000,BANANAS,2472.5
45100,PEARLS,9997.0
45100,BANANAS,2472.5
45200,BANANAS,2472.5
45200,PEARLS,4997.5
45300,BANANAS,2472.5
45300,PEARLS,9997.0
45400,PEARLS,4998.0
45400,BANANAS,2473.0
45500,BANANAS,2473.0
45500,PEARLS,4998.0
45600,BANANAS,2475.5
45600,PEARLS,4998.0
45700,PEARLS,5001.0
45700,BANANAS,2472.5
45800,PEARLS,4998.0
45800,BANANAS,2473.0
45900,PEARLS,9999.0
45900,BANANAS,2473.0
46000,BANANAS,2473.0
46000,PEARLS,9997.0
46100,PEARLS,4998.0
46100,BANANAS,2472.5
46200,PEARLS,4997.5
46200,BANANAS,2472.5
46300,PEARLS,4998.0
46300,BANANAS,2475.0
46400,BANANAS,2472.0
46400,PEARLS,4997.5
46500,PEARLS,9999.0
46500,BANANAS,4944.5
46600,PEARLS,9999.0
46600,BANANAS,2473.5
46700,PEARLS,4998.0
46700,BANANAS,2472.0
46800,BANANAS,2472.5
46800,PEARLS,4999.0
46900,BANANAS,2475.0
46900,PEARLS,4998.0
47000,PEARLS,4997.5
47000,BANANAS,2472.0
47100,BANANAS,2472.5
47100,PEARLS,4999.0
47200,BANANAS,2475.0
47200,PEARLS,4997.5
47300,BANANAS,2472.0
47300,PEARLS,4997.5
47400,PEARLS,9999.0
47400,BANANAS,4947.5
47500,BANANAS,2472.0
47500,PEARLS,4997.5
47600,BANANAS,2471.5
47600,PEARLS,4997.5
47700,BANANAS,2471.5
47700,PEARLS,9997.0
47800,PEARLS,9996.5
47800,BANANAS,2471.5
47900,BANANAS,2472.0
47900,PEARLS,4999.0
48000,BANANAS,2471.5
48000,PEARLS,4999.0
48100,BANANAS,2471.0
48100,PEARLS,4997.5
48200,PEARLS,4998.0
48200,BANANAS,2471.0
48300,BANANAS,2474.0
48300,PEARLS,4997.5
48400,BANANAS,2473.5
48400,PEARLS,4997.5
48500,BANANAS,2471.0
48500,PEARLS,4997.5
48600,PEARLS,9999.0
48600,BANANAS,4944.5
48700,BANANAS,2470.5
48700,PEARLS,5001.0
48800,BANANAS,2471.5
48800,PEARLS,4999.0
48900,BANANAS,2471.0
48900,PEARLS,4999.0
49000,PEARLS,4997.5
49000,BANANAS,2470.5
49100,BANANAS,2471.0
49100,PEARLS,4999.0
49200,BANANAS,2470.0
49200,PEARLS,4998.0
49300,BANANAS,2472.5
49300,PEARLS,4997.5
49400,PEARLS,4999.0
49400,BANANAS,2472.5
49500,BANANAS,2470.0
49500,PEARLS,4997.5
49600,BANANAS,2470.0
49600,PEARLS,4997.5
49700,BANANAS,4943.5
49700,PEARLS,9999.0
49800,BANANAS,2470.5
49800,PEARLS,9997.0
49900,PEARLS,4998.0
49900,BANANAS,4943.5
50000,BANANAS,2471.5
50000,PEARLS,4998.0
50100,BANANAS,2470.5
50100,PEARLS,4998.0
50200,PEARLS,4999.0
50200,BANANAS,2471.0
50300,PEARLS,9999.0
50300,BANANAS,2471.0
50400,PEARLS,5001.0
50400,BANANAS,2471.0
50500,BANANAS,2471.0
50500,PEARLS,5001.0
50600,PEARLS,4998.0
50600,BANANAS,2473.5
50700,PEARLS,4997.5
50700,BANANAS,4942.0
50800,PEARLS,9996.5
50800,BANANAS,2470.5
50900,BANANAS,2470.5
50900,PEARLS,4998.0
51000,PEARLS,4998.0
51000,BANANAS,2471.0
51100,PEARLS,4998.0
51100,BANANAS,2470.5
51200,PEARLS,4998.0
51200,BANANAS,2470.5
51300,PEARLS,4998.0
51300,BANANAS,2470.5
51400,BANANAS,2470.5
51400,PEARLS,4997.5
51500,PEARLS,4998.0
51500,BANANAS,2470.5
51600,PEARLS,4998.0
51600,BANANAS,2470.5
51700,PEARLS,9999.0
51700,BANANAS,4943.5
51800,BANANAS,2471.0
51800,PEARLS,4998.0
51900,PEARLS,9999.0
51900,BANANAS,2470.5
52000,PEARLS,5000.0
52000,BANANAS,2470.5
52100,PEARLS,4997.5
52100,BANANAS,2470.0
52200,BANANAS,2470.5
52200,PEARLS,4997.5
52300,PEARLS,4997.5
52300,BANANAS,2470.0
52400,PEARLS,5000.0
52400,BANANAS,2470.5
52500,PEARLS,4998.0
52500,BANANAS,2470.5
52600,BANANAS,2470.5
52600,PEARLS,9997.0
52700,PEARLS,4997.5
52700,BANANAS,2470.5
52800,PEARLS,4997.5
52800,BANANAS,2470.5
52900,PEARLS,4998.0
52900,BANANAS,2470.5
53000,BANANAS,2470.5
53000,PEARLS,4997.5
53100,PEARLS,4998.0
53100,BANANAS,2471.5
53200,PEARLS,9997.0
53200,BANANAS,2471.5
53300,PEARLS,4998.0
53300,BANANAS,2471.5
53400,BANANAS,2471.0
53400,PEARLS,4997.5
53500,PEARLS,9999.0
53500,BANANAS,4945.5
53600,PEARLS,4999.0
53600,BANANAS,2471.5
53700,PEARLS,9999.0
53700,BANANAS,4945.5
53800,BANANAS,2472.0
53800,PEARLS,9997.0
53900,PEARLS,4997.5
53900,BANANAS,2474.5
54000,PEARLS,4998.0
54000,BANANAS,2472.5
54100,PEARLS,4997.5
54100,BANANAS,2472.0
54200,BANANAS,2471.5
54200,PEARLS,4998.0
54300,BANANAS,2472.5
54300,PEARLS,4999.0
54400,PEARLS,4998.0
54400,BANANAS,2472.0
54500,BANANAS,4944.5
54500,PEARLS,4997.5
54600,BANANAS,2472.5
54600,PEARLS,4999.0
54700,PEARLS,4999.0
54700,BANANAS,2472.0
54800,PEARLS,4998.0
54800,BANANAS,2471.5
54900,PEARLS,4998.0
54900,BANANAS,2471.5
55000,BANANAS,2471.5
55000,PEARLS,4997.5
55100,PEARLS,5001.0
55100,BANANAS,2471.5
55200,PEARLS,4997.5
55200,BANANAS,2471.5
55300,PEARLS,9999.0
55300,BANANAS,2472.0
55400,BANANAS,2472.0
55400,PEARLS,4998.0
55500,PEARLS,4997.5
55500,BANANAS,2473.5
55600,PEARLS,4999.0
55600,BANANAS,2471.5
55700,BANANAS,2471.5
55700,PEARLS,4997.5
55800,BANANAS,2471.5
55800,PEARLS,4998.0
55900,BANANAS,2471.5
55900,PEARLS,4997.5
56000,PEARLS,4998.0
56000,BANANAS,2471.5
56100,BANANAS,2471.5
56100,PEARLS,4998.0
56200,BANANAS,2471.5
56200,PEARLS,4998.0
56300,BANANAS,2471.5
56300,PEARLS,4997.5
56400,PEARLS,4999.0
56400,BANANAS,2472.0
56500,BANANAS,2471.5
56500,PEARLS,4997.5
56600,BANANAS,2471.5
56600,PEARLS,4998.0
56700,BANANAS,2471.5
56700,PEARLS,4997.5
56800,PEARLS,4997.5
56800,BANANAS,2471.5
56900,BANANAS,2472.0
56900,PEARLS,4999.0
57000,BANANAS,2471.5
57000,PEARLS,4997.5
57100,BANANAS,2471.5
57100,PEARLS,4998.0
57200,PEARLS,4997.5
57200,BANANAS,2471.5
57300,BANANAS,2471.5
57300,PEARLS,5001.0
57400,BANANAS,2472.0
57400,PEARLS,9999.0
57500,BANANAS,2472.0
57500,PEARLS,9999.0
57600,PEARLS,4997.5
57600,BANANAS,2472.0
57700,BANANAS,2472.5
57700,PEARLS,9999.0
57800,BANANAS,2472.5
57800,PEARLS,4998.0
57900,BANANAS,2472.0
57900,PEARLS,5001.0
58000,PEARLS,4999.0
58000,BANANAS,2472.5
58100,BANANAS,2471.5
58100,PEARLS,4998.0
58200,BANANAS,2472.0
58200,PEARLS,4998.0
58300,BANANAS,2472.0
58300,PEARLS,9997.0
58400,PEARLS,4997.5
58400,BANANAS,2472.0
58500,BANANAS,2472.5
58500,PEARLS,9997.0
58600,BANANAS,2472.5
58600,PEARLS,4999.0
58700,BANANAS,2472.5
58700,PEARLS,4998.0
58800,BANANAS,2472.5
58800,PEARLS,4999.0
58900,PEARLS,4997.5
58900,BANANAS,2472.0
59000,PEARLS,4997.5
59000,BANANAS,2472.5
59100,BANANAS,2472.0
59100,PEARLS,4997.5
59200,PEARLS,5000.0
59200,BANANAS,2474.5
59300,PEARLS,9997.0
59300,BANANAS,2472.0
59400,PEARLS,4997.5
59400,BANANAS,2472.0
59500,BANANAS,2472.5
59500,PEARLS,4999.0
59600,PEARLS,4997.5
59600,BANANAS,2472.0
59700,PEARLS,4999.0
59700,BANANAS,2472.5
59800,PEARLS,4997.5
59800,BANANAS,2472.0
59900,BANANAS,2473.0
59900,PEARLS,5001.0
60000,PEARLS,4999.0
60000,BANANAS,2473.0
60100,PEARLS,4997.5
60100,BANANAS,2472.5
60200,PEARLS,5000.0
60200,BANANAS,2473.0
60300,PEARLS,4998.0
60300,BANANAS,2472.5
60400,BANANAS,2473.0
60400,PEARLS,5000.0
60500,PEARLS,4998.0
60500,BANANAS,2473.0
60600,PEARLS,4997.5
60600,BANANAS,2472.5
60700,PEARLS,9999.0
60700,BANANAS,4948.5
60800,BANANAS,2472.5
60800,PEARLS,4998.0
60900,PEARLS,4998.0
60900,BANANAS,2472.5
61000,PEARLS,4998.0
61000,BANANAS,2472.0
61100,PEARLS,4998.0
61100,BANANAS,4944.5
61200,BANANAS,2472.0
61200,PEARLS,4997.5
61300,PEARLS,4998.0
61300,BANANAS,2472.0
61400,PEARLS,5001.0
61400,BANANAS,2472.0
61500,PEARLS,5001.0
61500,BANANAS,2472.5
61600,BANANAS,2472.5
61600,PEARLS,4998.0
61700,PEARLS,4998.0
61700,BANANAS,2475.0
61800,PEARLS,4997.5
61800,BANANAS,2472.0
61900,PEARLS,9997.0
61900,BANANAS,2472.5
62000,BANANAS,2472.0
62000,PEARLS,4998.0
62100,PEARLS,4998.0
62100,BANANAS,2472.0
62200,PEARLS,4999.0
62200,BANANAS,2472.0
62300,PEARLS,4998.0
62300,BANANAS,2472.0
62400,BANANAS,2472.0
62400,PEARLS,4997.5
62500,PEARLS,4998.0
62500,BANANAS,2472.0
62600,PEARLS,4998.0
62600,BANANAS,2471.5
62700,PEARLS,4997.5
62700,BANANAS,2472.0
62800,BANANAS,2471.5
62800,PEARLS,4998.0
62900,PEARLS,4998.0
62900,BANANAS,2471.5
63000,PEARLS,4998.0
63000,BANANAS,2471.5
63100,BANANAS,2471.5
63100,PEARLS,4997.5
63200,BANANAS,2471.5
63200,PEARLS,4997.5
63300,BANANAS,2471.5
63300,PEARLS,4998.0
63400,PEARLS,9999.0
63400,BANANAS,2471.5
63500,PEARLS,9997.0
63500,BANANAS,2471.5
63600,BANANAS,2471.5
63600,PEARLS,9999.0
63700,PEARLS,4999.0
63700,BANANAS,2472.0
63800,PEARLS,4998.0
63800,BANANAS,2471.5
63900,PEARLS,4997.5
63900,BANANAS,2471.0
64000,BANANAS,2471.0
64000,PEARLS,4998.0
64100,PEARLS,4997.5
64100,BANANAS,2470.5
64200,PEARLS,9999.0
64200,BANANAS,2470.5
64300,PEARLS,4997.5
64300,BANANAS,2470.5
64400,BANANAS,2470.0
64400,PEARLS,4998.0
64500,PEARLS,4999.0
64500,BANANAS,2471.0
64600,PEARLS,4998.0
64600,BANANAS,2470.5
64700,BANANAS,4943.5
64700,PEARLS,9999.0
64800,BANANAS,2470.5
64800,PEARLS,9999.0
64900,BANANAS,2470.0
64900,PEARLS,4997.5
65000,PEARLS,4997.5
65000,BANANAS,2470.5
65100,BANANAS,2471.0
65100,PEARLS,4999.0
65200,BANANAS,2470.0
65200,PEARLS,5001.0
65300,BANANAS,2472.5
65300,PEARLS,5001.0
65400,PEARLS,9997.0
65400,BANANAS,2470.0
65500,BANANAS,2470.5
65500,PEARLS,9999.0
65600,BANANAS,2470.5
65600,PEARLS,4999.0
65700,BANANAS,2470.0
65700,PEARLS,4997.5
65800,PEARLS,4997.5
65800,BANANAS,2470.0
65900,BANANAS,2470.0
65900,PEARLS,4998.0
66000,BANANAS,2470.5
66000,PEARLS,9997.0
66100,BANANAS,2470.0
66100,PEARLS,4997.5
66200,PEARLS,4997.5
66200,BANANAS,2470.0
66300,BANANAS,2470.0
66300,PEARLS,4997.5
66400,BANANAS,2470.0
66400,PEARLS,9999.0
66500,BANANAS,2470.0
66500,PEARLS,4998.0
66600,PEARLS,4997.5
66600,BANANAS,2471.0
66700,BANANAS,2471.0
66700,PEARLS,4999.0
66800,BANANAS,2469.5
66800,PEARLS,9997.0
66900,BANANAS,2469.0
66900,PEARLS,4998.0
67000,PEARLS,5001.0
67000,BANANAS,4938.5
67100,BANANAS,4940.5
67100,PEARLS,9999.0
67200,BANANAS,2468.5
67200,PEARLS,4998.0
67300,BANANAS,2468.5
67300,PEARLS,9999.0
67400,PEARLS,9997.0
67400,BANANAS,2468.5
67500,PEARLS,4998.0
67500,BANANAS,2468.5
67600,BANANAS,2468.5
67600,PEARLS,4998.0
67700,BANANAS,2469.0
67700,PEARLS,5001.0
67800,BANANAS,2469.0
67800,PEARLS,9997.0
67900,PEARLS,9999.0
67900,BANANAS,2469.0
68000,PEARLS,4997.5
68000,BANANAS,2469.0
68100,BANANAS,2468.5
68100,PEARLS,4997.5
68200,PEARLS,4998.0
68200,BANANAS,4939.5
68300,PEARLS,4998.0
68300,BANANAS,2468.5
68400,PEARLS,4999.0
68400,BANANAS,2469.0
68500,BANANAS,2469.5
68500,PEARLS,4999.0
68600,PEARLS,9999.0
68600,BANANAS,2469.0
68700,PEARLS,5001.0
68700,BANANAS,2469.5
68800,PEARLS,4997.5
68800,BANANAS,2469.0
68900,BANANAS,2470.5
68900,PEARLS,4997.5
69000,BANANAS,2469.5
69000,PEARLS,4999.0
69100,PEARLS,4997.5
69100,BANANAS,2469.0
69200,PEARLS,9999.0
69200,BANANAS,2469.0
69300,PEARLS,4998.0
69300,BANANAS,2469.5
69400,BANANAS,2469.5
69400,PEARLS,5001.0
69500,PEARLS,5001.0
69500,BANANAS,2469.5
69600,PEARLS,9999.0
69600,BANANAS,4940.5
69700,PEARLS,4998.0
69700,BANANAS,2469.0
69800,BANANAS,2469.0
69800,PEARLS,4998.0
69900,PEARLS,4997.5
69900,BANANAS,2468.5
70000,PEARLS,4999.0
70000,BANANAS,2469.0
70100,PEARLS,4997.5
70100,BANANAS,2468.5
70200,BANANAS,2468.5
70200,PEARLS,9998.0
70300,PEARLS,4997.5
70300,BANANAS,2468.0
70400,PEARLS,9999.0
70400,BANANAS,2468.0
70500,PEARLS,4997.5
70500,BANANAS,2468.0
70600,BANANAS,2470.5
70600,PEARLS,4998.0
70700,PEARLS,4997.5
70700,BANANAS,2467.5
70800,PEARLS,9997.0
70800,BANANAS,2467.5
70900,PEARLS,4997.5
70900,BANANAS,2467.0
71000,BANANAS,2470.0
71000,PEARLS,4998.0
71100,PEARLS,4998.0
71100,BANANAS,2467.0
71200,PEARLS,4998.0
71200,BANANAS,2467.5
71300,PEARLS,4997.5
71300,BANANAS,2467.5
71400,BANANAS,2467.0
71400,PEARLS,4999.0
71500,PEARLS,4998.0
71500,BANANAS,2468.0
71600,PEARLS,4997.5
71600,BANANAS,2468.0
71700,PEARLS,4997.5
71700,BANANAS,2468.0
71800,BANANAS,2468.5
71800,PEARLS,4998.0
71900,PEARLS,4998.0
71900,BANANAS,2468.5
72000,PEARLS,4997.5
72000,BANANAS,2468.5
72100,BANANAS,4937.5
72100,PEARLS,9999.0
72200,BANANAS,2468.0
72200,PEARLS,4998.0
72300,BANANAS,2468.0
72300,PEARLS,4998.0
72400,PEARLS,4997.5
72400,BANANAS,2467.5
72500,PEARLS,4998.0
72500,BANANAS,2468.0
72600,BANANAS,2469.0
72600,PEARLS,4998.0
72700,PEARLS,4997.5
72700,BANANAS,2468.0
72800,PEARLS,4997.5
72800,BANANAS,2468.0
72900,PEARLS,4998.0
72900,BANANAS,2468.5
73000,BANANAS,2468.5
73000,PEARLS,4998.0
73100,PEARLS,9999.0
73100,BANANAS,4939.5
73200,PEARLS,4998.0
73200,BANANAS,2469.0
73300,PEARLS,4998.0
73300,BANANAS,2470.5
73400,BANANAS,4940.5
73400,PEARLS,9997.0
73500,BANANAS,2469.0
73500,PEARLS,4997.5
73600,PEARLS,5001.0
73600,BANANAS,2468.5
73700,BANANAS,2471.5
73700,PEARLS,4997.5
73800,BANANAS,2469.0
73800,PEARLS,5001.0
73900,BANANAS,2469.5
73900,PEARLS,4999.0
74000,PEARLS,4997.5
74000,BANANAS,2469.0
74100,BANANAS,2469.5
74100,PEARLS,4999.0
74200,BANANAS,2469.0
74200,PEARLS,4997.5
74300,BANANAS,2469.0
74300,PEARLS,4997.5
74400,PEARLS,4997.5
74400,BANANAS,2469.0
74500,BANANAS,2470.5
74500,PEARLS,4997.5
74600,BANANAS,2469.0
74600,PEARLS,4998.0
74700,BANANAS,2469.0
74700,PEARLS,9997.0
74800,PEARLS,9997.0
74800,BANANAS,2469.0
74900,BANANAS,4939.5
74900,PEARLS,9997.0
75000,BANANAS,2468.5
75000,PEARLS,4998.0
75100,BANANAS,2468.5
75100,PEARLS,5001.0
75200,PEARLS,4998.0
75200,BANANAS,2470.5
75300,BANANAS,2468.0
75300,PEARLS,4997.5
75400,BANANAS,2470.5
75400,PEARLS,4998.0
75500,BANANAS,2468.5
75500,PEARLS,4998.0
75600,PEARLS,4997.5
75600,BANANAS,2468.5
75700,BANANAS,2468.5
75700,PEARLS,4997.5
75800,BANANAS,2468.0
75800,PEARLS,4998.0
75900,BANANAS,2468.0
75900,PEARLS,4998.0
76000,PEARLS,5000.0
76000,BANANAS,2468.0
76100,BANANAS,2468.0
76100,PEARLS,4998.0
76200,BANANAS,2468.0
76200,PEARLS,4997.5
76300,BANANAS,2468.0
76300,PEARLS,9997.0
76400,BANANAS,2467.5
76400,PEARLS,4998.0
76500,PEARLS,4998.0
76500,BANANAS,2467.5
76600,BANANAS,2470.0
76600,PEARLS,4997.5
76700,BANANAS,2468.0
76700,PEARLS,4999.0
76800,PEARLS,4998.0
76800,BANANAS,2467.5
76900,PEARLS,4998.0
76900,BANANAS,2467.5
77000,PEARLS,4998.0
77000,BANANAS,2467.5
77100,BANANAS,2467.5
77100,PEARLS,4998.0
77200,PEARLS,4998.0
77200,BANANAS,2467.5
77300,PEARLS,4998.0
77300,BANANAS,2467.5
77400,PEARLS,4998.0
77400,BANANAS,2467.5
77500,BANANAS,2467.5
77500,PEARLS,9997.0
77600,PEARLS,4998.0
77600,BANANAS,2467.5
77700,PEARLS,4999.0
77700,BANANAS,2467.5
77800,PEARLS,4997.5
77800,BANANAS,2467.0
77900,PEARLS,9997.0
77900,BANANAS,2467.5
78000,BANANAS,2468.0
78000,PEARLS,4999.0
78100,PEARLS,5001.0
78100,BANANAS,2468.0
78200,PEARLS,4999.0
78200,BANANAS,2468.0
78300,PEARLS,4999.0
78300,BANANAS,2468.0
78400,BANANAS,2467.5
78400,PEARLS,4998.0
78500,PEARLS,4997.5
78500,BANANAS,2467.0
78600,PEARLS,4998.0
78600,BANANAS,2467.5
78700,PEARLS,4997.5
78700,BANANAS,2467.0
78800,BANANAS,2470.0
78800,PEARLS,5001.0
78900,PEARLS,4998.0
78900,BANANAS,2467.5
79000,PEARLS,4998.0
79000,BANANAS,2467.5
79100,PEARLS,4997.5
79100,BANANAS,2467.0
79200,BANANAS,2467.0
79200,PEARLS,4998.0
79300,PEARLS,4998.0
79300,BANANAS,2467.0
79400,PEARLS,4998.0
79400,BANANAS,2467.0
79500,PEARLS,4998.0
79500,BANANAS,2467.0
79600,BANANAS,2467.0
79600,PEARLS,4997.5
79700,PEARLS,5001.0
79700,BANANAS,2467.5
79800,PEARLS,4998.0
79800,BANANAS,2469.5
79900,PEARLS,4999.0
79900,BANANAS,2467.5
80000,BANANAS,2467.0
80000,PEARLS,4998.0
80100,PEARLS,4997.5
80100,BANANAS,2467.0
80200,PEARLS,4998.0
80200,BANANAS,2467.5
80300,PEARLS,4997.5
80300,BANANAS,2467.5
80400,BANANAS,2469.5
80400,PEARLS,9997.0
80500,PEARLS,5001.0
80500,BANANAS,2467.0
80600,PEARLS,4997.5
80600,BANANAS,2466.5
80700,PEARLS,9997.0
80700,BANANAS,2467.0
80800,BANANAS,2467.0
80800,PEARLS,4999.0
80900,BANANAS,2467.5
80900,PEARLS,4999.0
81000,PEARLS,4997.5
81000,BANANAS,2467.0
81100,BANANAS,2467.5
81100,PEARLS,4998.0
81200,BANANAS,2467.5
81200,PEARLS,4998.0
81300,PEARLS,4997.5
81300,BANANAS,2467.5
81400,PEARLS,4998.0
81400,BANANAS,2467.5
81500,PEARLS,5001.0
81500,BANANAS,2467.5
81600,BANANAS,2467.5
81600,PEARLS,4998.0
81700,PEARLS,4999.0
81700,BANANAS,2468.0
81800,PEARLS,4998.0
81800,BANANAS,2470.5
81900,PEARLS,4998.0
81900,BANANAS,2467.5
82000,BANANAS,2467.5
82000,PEARLS,4998.0
82100,PEARLS,4999.0
82100,BANANAS,2468.0
82200,PEARLS,4997.5
82200,BANANAS,2468.0
82300,PEARLS,4999.0
82300,BANANAS,2468.5
82400,BANANAS,2468.5
82400,PEARLS,4999.0
82500,BANANAS,2470.5
82500,PEARLS,4997.5
82600,PEARLS,5001.0
82600,BANANAS,2467.5
82700,BANANAS,2467.5
82700,PEARLS,4998.0
82800,BANANAS,2469.0
82800,PEARLS,4998.0
82900,BANANAS,2467.0
82900,PEARLS,9999.0
83000,PEARLS,4999.0
83000,BANANAS,2467.5
83100,BANANAS,2467.0
83100,PEARLS,4997.5
83200,BANANAS,2467.0
83200,PEARLS,4999.0
83300,BANANAS,2467.0
83300,PEARLS,4997.5
83400,PEARLS,5001.0
83400,BANANAS,2467.0
83500,BANANAS,2467.0
83500,PEARLS,9999.0
83600,BANANAS,2467.0
83600,PEARLS,4997.5
83700,BANANAS,2467.0
83700,PEARLS,5001.0
83800,PEARLS,4997.5
83800,BANANAS,2467.0
83900,BANANAS,2467.0
83900,PEARLS,4997.5
84000,BANANAS,2467.0
84000,PEARLS,4998.0
84100,BANANAS,2469.5
84100,PEARLS,5001.0
84200,PEARLS,9999.0
84200,BANANAS,4934.5
84300,BANANAS,2467.0
84300,PEARLS,4998.0
84400,BANANAS,4936.5
84400,PEARLS,9999.0
84500,BANANAS,2467.0
84500,PEARLS,9999.0
84600,PEARLS,4997.5
84600,BANANAS,2467.0
84700,BANANAS,2468.0
84700,PEARLS,4999.0
84800,BANANAS,2470.0
84800,PEARLS,5001.0
84900,BANANAS,2467.0
84900,PEARLS,4998.0
85000,PEARLS,4997.5
85000,BANANAS,2467.0
85100,BANANAS,2467.0
85100,PEARLS,9999.0
85200,BANANAS,2466.5
85200,PEARLS,9999.0
85300,BANANAS,2466.5
85300,PEARLS,4997.5
85400,BANANAS,2469.5
85400,PEARLS,4997.5
85500,PEARLS,4999.0
85500,BANANAS,2467.0
85600,BANANAS,4936.5
85600,PEARLS,9999.0
85700,BANANAS,2466.5
85700,PEARLS,4998.0
85800,PEARLS,5001.0
85800,BANANAS,2466.5
85900,PEARLS,4998.0
85900,BANANAS,2466.5
86000,PEARLS,4998.0
86000,BANANAS,2466.0
86100,BANANAS,2466.0
86100,PEARLS,4998.0
86200,PEARLS,4997.5
86200,BANANAS,2467.5
86300,PEARLS,4999.0
86300,BANANAS,2467.0
86400,PEARLS,4997.5
86400,BANANAS,2466.5
86500,BANANAS,2466.5
86500,PEARLS,4999.0
86600,PEARLS,4997.5
86600,BANANAS,2466.0
86700,PEARLS,4997.5
86700,BANANAS,2466.0
86800,PEARLS,9997.0
86800,BANANAS,2466.0
86900,PEARLS,9999.0
86900,BANANAS,2468.5
87000,BANANAS,2466.0
87000,PEARLS,9998.0
87100,PEARLS,9997.0
87100,BANANAS,2468.5
87200,PEARLS,4997.5
87200,BANANAS,2466.0
87300,PEARLS,4998.0
87300,BANANAS,2469.0
87400,BANANAS,2466.5
87400,PEARLS,4999.0
87500,PEARLS,4997.5
87500,BANANAS,2468.5
87600,PEARLS,4998.0
87600,BANANAS,2466.5
87700,PEARLS,4997.5
87700,BANANAS,2466.0
87800,BANANAS,2466.0
87800,PEARLS,4998.0
87900,PEARLS,4997.5
87900,BANANAS,2468.5
88000,PEARLS,4999.0
88000,BANANAS,2466.0
88100,PEARLS,4998.0
88100,BANANAS,2466.0
88200,BANANAS,2466.0
88200,PEARLS,4997.5
88300,PEARLS,4998.0
88300,BANANAS,2466.5
88400,PEARLS,9999.0
88400,BANANAS,2466.5
88500,PEARLS,5001.0
88500,BANANAS,2466.0
88600,BANANAS,2468.5
88600,PEARLS,5001.0
88700,PEARLS,4997.5
88700,BANANAS,2466.0
88800,PEARLS,4998.0
88800,BANANAS,2466.0
88900,PEARLS,5001.0
88900,BANANAS,2466.5
89000,BANANAS,2466.5
89000,PEARLS,4998.0
89100,PEARLS,4997.5
89100,BANANAS,2469.0
89200,PEARLS,4997.5
89200,BANANAS,2469.0
89300,PEARLS,4998.0
89300,BANANAS,2466.5
89400,BANANAS,2466.5
89400,PEARLS,4998.0
89500,PEARLS,4998.0
89500,BANANAS,2469.0
89600,PEARLS,4999.0
89600,BANANAS,2467.0
89700,PEARLS,4997.5
89700,BANANAS,2466.5
89800,BANANAS,2467.5
89800,PEARLS,5000.0
89900,BANANAS,2467.5
89900,PEARLS,4999.0
90000,PEARLS,4997.5
90000,BANANAS,2467.0
90100,PEARLS,4998.0
90100,BANANAS,2467.0
90200,BANANAS,2467.0
90200,PEARLS,4999.0
90300,PEARLS,4999.0
90300,BANANAS,2467.0
90400,PEARLS,4998.0
90400,BANANAS,2466.5
90500,PEARLS,4998.0
90500,BANANAS,2466.5
90600,BANANAS,2466.5
90600,PEARLS,4997.5
90700,PEARLS,9997.0
90700,BANANAS,2466.5
90800,PEARLS,4998.0
90800,BANANAS,2467.0
90900,PEARLS,4997.5
90900,BANANAS,2466.5
91000,BANANAS,2466.5
91000,PEARLS,4998.0
91100,PEARLS,4998.0
91100,BANANAS,2467.0
91200,PEARLS,9998.0
91200,BANANAS,2469.0
91300,BANANAS,2466.5
91300,PEARLS,9997.0
91400,BANANAS,2466.0
91400,PEARLS,5001.0
91500,BANANAS,2466.0
91500,PEARLS,4998.0
91600,PEARLS,4997.5
91600,BANANAS,2466.5
91700,BANANAS,2466.5
91700,PEARLS,4998.0
91800,BANANAS,2466.5
91800,PEARLS,9997.0
91900,BANANAS,2469.0
91900,PEARLS,4999.0
92000,PEARLS,4999.0
92000,BANANAS,2467.0
92100,BANANAS,2466.5
92100,PEARLS,4998.0
92200,BANANAS,2466.5
92200,PEARLS,4998.0
92300,BANANAS,2466.5
92300,PEARLS,5001.0
92400,PEARLS,4998.0
92400,BANANAS,2469.0
92500,BANANAS,2466.5
92500,PEARLS,9999.0
92600,BANANAS,2466.0
92600,PEARLS,4997.5
92700,BANANAS,2466.0
92700,PEARLS,4997.5
92800,PEARLS,4997.5
92800,BANANAS,2466.0
92900,BANANAS,2466.0
92900,PEARLS,4997.5
93000,BANANAS,2466.5
93000,PEARLS,9999.0
93100,BANANAS,2466.0
93100,PEARLS,4998.0
93200,PEARLS,5001.0
93200,BANANAS,2466.0
93300,BANANAS,4934.5
93300,PEARLS,9999.0
93400,BANANAS,2466.0
93400,PEARLS,4997.5
93500,BANANAS,2466.0
93500,PEARLS,4997.5
93600,PEARLS,9998.0
93600,BANANAS,2466.5
93700,BANANAS,2469.0
93700,PEARLS,4998.0
93800,BANANAS,2466.5
93800,PEARLS,4998.0
93900,BANANAS,2466.5
93900,PEARLS,5001.0
94000,PEARLS,4998.0
94000,BANANAS,2469.0
94100,BANANAS,2466.5
94100,PEARLS,4997.5
94200,BANANAS,2466.5
94200,PEARLS,4999.0
94300,BANANAS,2466.0
94300,PEARLS,4997.5
94400,BANANAS,2466.5
94400,PEARLS,4999.0
94500,PEARLS,4997.5
94500,BANANAS,2468.0
94600,PEARLS,4997.5
94600,BANANAS,2465.5
94700,BANANAS,2465.5
94700,PEARLS,4997.5
94800,PEARLS,4998.0
94800,BANANAS,2465.5
94900,PEARLS,5001.0
94900,BANANAS,2465.0
95000,PEARLS,4997.5
95000,BANANAS,2467.5
95100,BANANAS,2465.5
95100,PEARLS,9997.0
95200,PEARLS,4999.0
95200,BANANAS,2465.5
95300,PEARLS,4998.0
95300,BANANAS,2465.0
95400,PEARLS,4998.0
95400,BANANAS,2465.5
95500,BANANAS,2465.5
95500,PEARLS,4999.0
95600,PEARLS,4997.5
95600,BANANAS,2465.5
95700,PEARLS,9997.0
95700,BANANAS,2465.0
95800,PEARLS,9997.0
95800,BANANAS,2465.0
95900,PEARLS,4997.5
95900,BANANAS,2465.0
96000,BANANAS,2465.0
96000,PEARLS,4998.0
96100,PEARLS,9999.0
96100,BANANAS,4931.5
96200,PEARLS,4998.0
96200,BANANAS,2465.5
96300,PEARLS,5001.0
96300,BANANAS,2468.5
96400,BANANAS,2465.5
96400,PEARLS,4998.0
96500,PEARLS,4999.0
96500,BANANAS,2466.5
96600,PEARLS,5001.0
96600,BANANAS,2466.5
96700,PEARLS,4998.0
96700,BANANAS,2466.0
96800,BANANAS,2465.5
96800,PEARLS,4997.5
96900,PEARLS,4997.5
96900,BANANAS,2468.5
97000,PEARLS,4999.0
97000,BANANAS,2466.0
97100,PEARLS,4998.0
97100,BANANAS,2466.0
97200,BANANAS,4934.5
97200,PEARLS,9999.0
97300,PEARLS,4999.0
97300,BANANAS,2466.5
97400,PEARLS,4998.0
97400,BANANAS,2466.0
97500,PEARLS,4998.0
97500,BANANAS,2466.0
97600,BANANAS,2466.0
97600,PEARLS,4997.5
97700,PEARLS,4998.0
97700,BANANAS,2466.0
97800,PEARLS,4997.5
97800,BANANAS,2466.0
97900,PEARLS,4999.0
97900,BANANAS,2466.0
98000,BANANAS,2466.0
98000,PEARLS,9997.0
98100,PEARLS,4999.0
98100,BANANAS,2466.5
98200,PEARLS,9997.0
98200,BANANAS,2466.0
98300,PEARLS,4998.0
98300,BANANAS,2466.0
98400,BANANAS,2466.5
98400,PEARLS,4999.0
98500,PEARLS,4998.0
98500,BANANAS,2466.0
98600,PEARLS,5001.0
98600,BANANAS,2466.5
98700,BANANAS,2466.0
98700,PEARLS,4998.0
98800,BANANAS,2467.5
98800,PEARLS,9997.0
98900,BANANAS,2466.0
98900,PEARLS,4998.0
99000,PEARLS,4998.0
99000,BANANAS,2465.5
99100,PEARLS,4999.0
99100,BANANAS,2466.0
99200,BANANAS,2465.5
99200,PEARLS,9997.0
99300,PEARLS,4997.5
99300,BANANAS,2466.0
99400,PEARLS,4997.5
99400,BANANAS,2468.5
99500,PEARLS,4998.0
99500,BANANAS,2466.0
99600,BANANAS,2466.5
99600,PEARLS,4999.0
99700,PEARLS,5001.0
99700,BANANAS,2466.0
99800,PEARLS,4999.0
99800,BANANAS,2466.5
99900,PEARLS,4998.0
99900,BANANAS,2466.0
100000,BANANAS,2467.0
100000,PEARLS,4999.0
100100,BANANAS,2465.5
100100,PEARLS,4998.0
100200,PEARLS,4997.5
100200,BANANAS,2465.5
100300,BANANAS,2465.5
100300,PEARLS,4998.0
100400,BANANAS,2466.0
100400,PEARLS,9997.0
100500,BANANAS,2465.5
100500,PEARLS,4998.0
100600,PEARLS,9997.0
100600,BANANAS,2468.0
100700,BANANAS,2465.5
100700,PEARLS,4997.5
100800,BANANAS,4932.0
100800,PEARLS,9999.0
100900,BANANAS,2465.0
100900,PEARLS,4997.5
101000,PEARLS,4999.0
101000,BANANAS,2465.5
101100,BANANAS,2468.0
101100,PEARLS,4997.5
101200,BANANAS,2465.0
101200,PEARLS,4997.5
101300,BANANAS,2465.0
101300,PEARLS,4997.5
101400,PEARLS,4997.5
101400,BANANAS,2465.0
101500,BANANAS,2465.5
101500,PEARLS,4999.0
101600,BANANAS,2465.5
101600,PEARLS,9999.0
101700,BANANAS,4931.5
101700,PEARLS,5001.0
101800,PEARLS,9999.0
101800,BANANAS,4934.5
101900,BANANAS,2466.0
101900,PEARLS,4998.0
102000,BANANAS,2466.0
102000,PEARLS,4998.0
102100,BANANAS,2466.0
102100,PEARLS,9998.0
102200,PEARLS,4998.0
102200,BANANAS,2466.0
102300,BANANAS,2467.0
102300,PEARLS,4999.0
102400,BANANAS,2466.5
102400,PEARLS,4998.0
102500,BANANAS,2466.5
102500,PEARLS,4998.0
102600,PEARLS,4999.0
102600,BANANAS,2466.5
102700,BANANAS,2466.5
102700,PEARLS,4999.0
102800,BANANAS,2466.5
102800,PEARLS,4997.5
102900,BANANAS,2467.0
102900,PEARLS,9999.0
103000,PEARLS,4997.5
103000,BANANAS,2468.0
103100,PEARLS,9998.0
103100,BANANAS,2466.5
103200,BANANAS,2466.0
103200,PEARLS,4997.5
103300,BANANAS,2466.0
103300,PEARLS,4998.0
103400,BANANAS,2466.0
103400,PEARLS,4998.0
103500,PEARLS,4998.0
103500,BANANAS,2465.5
103600,PEARLS,9997.0
103600,BANANAS,4933.5
103700,BANANAS,2465.5
103700,PEARLS,9996.5
103800,PEARLS,4998.0
103800,BANANAS,2465.5
103900,PEARLS,4999.0
103900,BANANAS,2466.0
104000,PEARLS,9997.0
104000,BANANAS,2465.5
104100,BANANAS,2465.5
104100,PEARLS,4998.0
104200,PEARLS,4998.0
104200,BANANAS,2465.0
104300,PEARLS,4998.0
104300,BANANAS,2465.0
104400,PEARLS,9998.0
104400,BANANAS,2464.5
104500,BANANAS,2465.0
104500,PEARLS,4998.0
104600,BANANAS,2464.5
104600,PEARLS,4998.0
104700,PEARLS,4997.5
104700,BANANAS,2464.5
104800,PEARLS,4999.0
104800,BANANAS,2464.5
104900,PEARLS,4999.0
104900,BANANAS,2464.5
105000,BANANAS,2464.0
105000,PEARLS,4997.5
105100,PEARLS,5001.0
105100,BANANAS,2464.0
105200,PEARLS,4998.0
105200,BANANAS,2464.0
105300,PEARLS,4998.0
105300,BANANAS,2464.5
105400,BANANAS,2466.0
105400,PEARLS,4998.0
105500,PEARLS,4998.0
105500,BANANAS,2464.5
105600,PEARLS,4997.5
105600,BANANAS,2464.5
105700,PEARLS,4997.5
105700,BANANAS,2464.0
105800,BANANAS,2464.0
105800,PEARLS,4998.0
105900,PEARLS,5001.0
105900,BANANAS,2464.0
106000,PEARLS,4999.0
106000,BANANAS,2466.5
106100,PEARLS,9999.0
106100,BANANAS,2464.5
106200,BANANAS,2464.5
106200,PEARLS,4998.0
106300,PEARLS,4997.5
106300,BANANAS,4928.5
106400,PEARLS,4998.0
106400,BANANAS,2464.5
106500,PEARLS,4999.0
106500,BANANAS,2464.5
106600,BANANAS,2464.0
106600,PEARLS,4997.5
106700,PEARLS,4998.0
106700,BANANAS,2464.0
106800,PEARLS,4999.0
106800,BANANAS,2464.5
106900,PEARLS,4999.0
106900,BANANAS,2465.0
107000,BANANAS,2465.0
107000,PEARLS,4999.0
107100,PEARLS,5001.0
107100,BANANAS,2465.0
107200,PEARLS,4998.0
107200,BANANAS,2465.0
107300,PEARLS,9999.0
107300,BANANAS,2466.5
107400,BANANAS,2464.0
107400,PEARLS,5001.0
107500,BANANAS,2464.0
107500,PEARLS,4998.0
107600,PEARLS,4997.5
107600,BANANAS,2464.0
107700,BANANAS,2464.0
107700,PEARLS,4997.5
107800,BANANAS,2464.0
107800,PEARLS,4998.0
107900,PEARLS,4997.5
107900,BANANAS,2464.0
108000,PEARLS,4999.0
108000,BANANAS,2464.5
108100,PEARLS,4997.5
108100,BANANAS,2464.0
108200,BANANAS,2464.0
108200,PEARLS,4997.5
108300,PEARLS,5001.0
108300,BANANAS,2464.5
108400,PEARLS,4999.0
108400,BANANAS,2464.5
108500,PEARLS,4997.5
108500,BANANAS,2464.0
108600,BANANAS,4928.5
108600,PEARLS,9997.0
108700,PEARLS,4998.0
108700,BANANAS,2464.5
108800,PEARLS,4998.0
108800,BANANAS,2467.0
108900,PEARLS,9999.0
108900,BANANAS,2464.0
109000,BANANAS,2464.5
109000,PEARLS,4999.0
109100,BANANAS,4931.5
109100,PEARLS,9999.0
109200,PEARLS,4997.5
109200,BANANAS,2466.5
109300,BANANAS,2465.0
109300,PEARLS,5001.0
109400,BANANAS,4931.0
109400,PEARLS,9999.0
109500,BANANAS,2467.0
109500,PEARLS,4999.0
109600,PEARLS,4999.0
109600,BANANAS,2465.0
109700,BANANAS,2464.5
109700,PEARLS,4998.0
109800,BANANAS,2464.5
109800,PEARLS,4998.0
109900,BANANAS,2464.0
109900,PEARLS,4997.5
110000,PEARLS,4998.0
110000,BANANAS,2464.0
110100,BANANAS,2467.0
110100,PEARLS,4998.0
110200,BANANAS,2464.0
110200,PEARLS,4997.5
110300,BANANAS,2464.5
110300,PEARLS,9999.0
110400,PEARLS,4997.5
110400,BANANAS,2464.5
110500,BANANAS,2464.5
110500,PEARLS,4997.5
110600,BANANAS,2464.5
110600,PEARLS,9997.0
110700,BANANAS,2464.0
110700,PEARLS,5001.0
110800,PEARLS,4998.0
110800,BANANAS,2466.0
110900,BANANAS,2464.0
110900,PEARLS,4997.5
111000,BANANAS,2464.5
111000,PEARLS,4997.5
111100,BANANAS,2464.0
111100,PEARLS,4998.0
111200,PEARLS,4999.0
111200,BANANAS,2466.5
111300,BANANAS,4928.5
111300,PEARLS,9999.0
111400,BANANAS,2464.0
111400,PEARLS,4997.5
111500,BANANAS,2464.0
111500,PEARLS,5001.0
111600,PEARLS,9999.0
111600,BANANAS,2464.0
111700,BANANAS,2464.0
111700,PEARLS,4997.5
111800,BANANAS,2465.0
111800,PEARLS,4998.0
111900,BANANAS,2465.0
111900,PEARLS,4998.0
112000,BANANAS,2465.0
112000,PEARLS,4998.0
112100,PEARLS,4997.5
112100,BANANAS,2464.5
112200,BANANAS,2464.5
112200,PEARLS,4997.5
112300,BANANAS,2464.5
112300,PEARLS,4998.0
112400,PEARLS,4997.5
112400,BANANAS,2464.5
112500,PEARLS,4999.0
112500,BANANAS,2464.5
112600,PEARLS,4997.5
112600,BANANAS,2464.0
112700,BANANAS,4929.5
112700,PEARLS,4998.0
112800,PEARLS,4997.5
112800,BANANAS,2464.0
112900,PEARLS,4998.0
112900,BANANAS,2464.0
113000,PEARLS,4998.0
113000,BANANAS,2464.0
113100,BANANAS,2464.0
113100,PEARLS,4997.5
113200,PEARLS,4998.0
113200,BANANAS,2464.0
113300,PEARLS,9999.0
113300,BANANAS,2464.0
113400,PEARLS,5001.0
113400,BANANAS,2464.0
113500,PEARLS,4999.0
113500,BANANAS,2467.0
113600,BANANAS,2464.0
113600,PEARLS,4997.5
113700,PEARLS,9999.0
113700,BANANAS,4930.5
113800,PEARLS,4998.0
113800,BANANAS,2464.0
113900,PEARLS,4998.0
113900,BANANAS,2463.5
114000,BANANAS,2463.5
114000,PEARLS,4998.0
114100,PEARLS,4998.0
114100,BANANAS,2466.0
114200,PEARLS,4998.0
114200,BANANAS,2464.0
114300,PEARLS,4998.0
114300,BANANAS,2466.0
114400,BANANAS,2463.5
114400,PEARLS,4998.0
114500,PEARLS,4998.0
114500,BANANAS,2463.0
114600,PEARLS,4998.0
114600,BANANAS,2463.0
114700,PEARLS,4998.0
114700,BANANAS,2465.0
114800,BANANAS,2463.0
114800,PEARLS,4997.5
114900,PEARLS,9999.0
114900,BANANAS,2463.0
115000,PEARLS,9999.0
115000,BANANAS,4929.5
115100,PEARLS,4998.0
115100,BANANAS,2462.5
115200,BANANAS,2463.0
115200,PEARLS,4999.0
115300,PEARLS,5001.0
115300,BANANAS,2463.0
115400,PEARLS,4999.0
115400,BANANAS,2463.0
115500,PEARLS,9997.0
115500,BANANAS,2462.5
115600,BANANAS,2462.0
115600,PEARLS,4998.0
115700,PEARLS,4999.0
115700,BANANAS,2463.0
115800,PEARLS,4997.5
115800,BANANAS,2462.0
115900,PEARLS,4999.0
115900,BANANAS,2463.5
116000,BANANAS,2462.5
116000,PEARLS,9999.0
116100,PEARLS,4997.5
116100,BANANAS,2463.5
116200,PEARLS,4999.0
116200,BANANAS,2462.5
116300,PEARLS,9997.0
116300,BANANAS,2462.0
116400,BANANAS,2462.5
116400,PEARLS,9997.0
116500,BANANAS,2465.0
116500,PEARLS,4998.0
116600,PEARLS,4998.0
116600,BANANAS,2462.5
116700,BANANAS,2463.0
116700,PEARLS,4998.0
116800,BANANAS,2463.0
116800,PEARLS,4997.5
116900,PEARLS,4998.0
116900,BANANAS,2463.0
117000,PEARLS,4997.5
117000,BANANAS,2463.0
117100,PEARLS,9999.0
117100,BANANAS,4925.5
117200,BANANAS,2463.0
117200,PEARLS,4998.0
117300,PEARLS,4997.5
117300,BANANAS,2465.5
117400,PEARLS,9999.0
117400,BANANAS,2463.0
117500,PEARLS,9999.0
117500,BANANAS,2463.0
117600,BANANAS,2463.0
117600,PEARLS,4999.0
117700,PEARLS,4998.0
117700,BANANAS,2462.5
117800,PEARLS,9999.0
117800,BANANAS,4927.5
117900,BANANAS,2462.5
117900,PEARLS,9997.0
118000,BANANAS,2465.0
118000,PEARLS,4998.0
118100,BANANAS,2463.0
118100,PEARLS,5001.0
118200,PEARLS,9999.0
118200,BANANAS,2462.5
118300,BANANAS,2462.5
118300,PEARLS,5001.0
118400,BANANAS,2462.5
118400,PEARLS,4998.0
118500,BANANAS,2463.0
118500,PEARLS,4999.0
118600,PEARLS,4999.0
118600,BANANAS,2462.0
118700,BANANAS,2462.5
118700,PEARLS,4998.0
118800,BANANAS,2462.5
118800,PEARLS,4997.5
118900,BANANAS,2463.0
118900,PEARLS,5001.0
119000,PEARLS,9997.0
119000,BANANAS,2463.0
119100,BANANAS,2463.0
119100,PEARLS,5001.0
119200,BANANAS,2463.0
119200,PEARLS,4998.0
119300,BANANAS,2462.5
119300,PEARLS,4998.0
119400,PEARLS,4998.0
119400,BANANAS,2462.5
119500,BANANAS,2462.5
119500,PEARLS,4998.0
119600,BANANAS,2462.5
119600,PEARLS,4997.5
119700,BANANAS,2463.0
119700,PEARLS,4998.0
119800,PEARLS,4997.5
119800,BANANAS,2462.5
119900,BANANAS,2463.0
119900,PEARLS,9999.0
120000,BANANAS,2462.5
120000,PEARLS,4998.0
120100,BANANAS,2462.5
120100,PEARLS,4998.0
120200,PEARLS,5001.0
120200,BANANAS,2462.5
120300,BANANAS,2462.5
120300,PEARLS,4997.5
120400,BANANAS,2463.0
120400,PEARLS,4999.0
120500,BANANAS,2462.5
120500,PEARLS,4997.5
120600,PEARLS,4999.0
120600,BANANAS,2463.0
120700,BANANAS,2463.0
120700,PEARLS,9997.0
120800,BANANAS,2463.0
120800,PEARLS,4998.0
120900,BANANAS,2463.0
120900,PEARLS,5001.0
121000,BANANAS,2462.5
121000,PEARLS,4998.0
121100,PEARLS,4997.5
121100,BANANAS,2462.5
121200,PEARLS,4997.5
121200,BANANAS,2462.5
121300,BANANAS,2462.5
121300,PEARLS,4998.0
121400,PEARLS,4997.5
121400,BANANAS,2463.0
121500,PEARLS,5001.0
121500,BANANAS,2463.0
121600,PEARLS,9999.0
121600,BANANAS,4930.0
121700,BANANAS,2465.5
121700,PEARLS,4998.0
121800,PEARLS,4997.5
121800,BANANAS,2463.0
121900,PEARLS,5001.0
121900,BANANAS,2463.0
122000,PEARLS,9999.0
122000,BANANAS,2463.5
122100,BANANAS,2464.0
122100,PEARLS,4999.0
122200,PEARLS,4998.0
122200,BANANAS,2463.5
122300,PEARLS,4997.5
122300,BANANAS,2463.5
122400,PEARLS,4997.5
122400,BANANAS,2464.0
122500,PEARLS,9999.0
122500,BANANAS,2466.0
122600,BANANAS,2467.0
122600,PEARLS,4999.0
122700,PEARLS,5001.0
122700,BANANAS,2464.5
122800,PEARLS,4998.0
122800,BANANAS,2464.5
122900,PEARLS,4997.5
122900,BANANAS,2465.0
123000,BANANAS,2465.0
123000,PEARLS,4997.5
123100,PEARLS,5001.0
123100,BANANAS,2465.0
123200,PEARLS,9997.0
123200,BANANAS,2465.0
123300,PEARLS,4998.0
123300,BANANAS,2465.0
123400,BANANAS,2465.0
123400,PEARLS,4998.0
123500,PEARLS,4999.0
123500,BANANAS,2465.0
123600,PEARLS,4997.5
123600,BANANAS,2464.5
123700,PEARLS,4998.0
123700,BANANAS,2464.5
123800,BANANAS,2464.5
123800,PEARLS,4998.0
123900,PEARLS,4997.5
123900,BANANAS,2467.0
124000,PEARLS,5001.0
124000,BANANAS,2464.5
124100,PEARLS,4997.5
124100,BANANAS,2464.0
124200,BANANAS,2464.0
124200,PEARLS,9997.0
124300,PEARLS,4999.0
124300,BANANAS,2466.5
124400,PEARLS,4997.5
124400,BANANAS,2464.0
124500,PEARLS,4998.0
124500,BANANAS,2464.0
124600,BANANAS,2463.5
124600,PEARLS,4997.5
124700,PEARLS,4998.0
124700,BANANAS,2464.0
124800,PEARLS,4997.5
124800,BANANAS,2463.5
124900,PEARLS,4998.0
124900,BANANAS,2464.0
125000,BANANAS,2464.0
125000,PEARLS,4997.5
125100,PEARLS,9997.0
125100,BANANAS,2466.5
125200,PEARLS,4999.0
125200,BANANAS,2466.5
125300,BANANAS,2464.5
125300,PEARLS,4999.0
125400,BANANAS,2464.5
125400,PEARLS,4998.0
125500,BANANAS,2464.0
125500,PEARLS,4997.5
125600,PEARLS,9999.0
125600,BANANAS,2466.5
125700,PEARLS,4999.0
125700,BANANAS,2464.5
125800,BANANAS,2464.5
125800,PEARLS,9999.0
125900,PEARLS,5000.0
125900,BANANAS,2466.5
126000,PEARLS,4998.0
126000,BANANAS,2464.0
126100,PEARLS,4998.0
126100,BANANAS,2464.0
126200,BANANAS,2464.5
126200,PEARLS,4999.0
126300,PEARLS,4998.0
126300,BANANAS,2464.0
126400,PEARLS,9997.0
126400,BANANAS,2464.0
126500,PEARLS,4999.0
126500,BANANAS,2464.5
126600,BANANAS,2464.5
126600,PEARLS,4999.0
126700,PEARLS,9997.0
126700,BANANAS,2464.5
126800,PEARLS,5001.0
126800,BANANAS,2466.0
126900,BANANAS,2464.5
126900,PEARLS,4997.5
127000,BANANAS,2465.5
127000,PEARLS,5001.0
127100,BANANAS,2465.0
127100,PEARLS,9997.0
127200,PEARLS,4999.0
127200,BANANAS,2465.5
127300,BANANAS,2465.0
127300,PEARLS,4997.5
127400,BANANAS,2465.5
127400,PEARLS,5001.0
127500,BANANAS,2465.0
127500,PEARLS,9999.0
127600,PEARLS,4999.0
127600,BANANAS,2467.5
127700,BANANAS,2465.5
127700,PEARLS,4999.0
127800,BANANAS,2465.0
127800,PEARLS,9998.0
127900,BANANAS,2465.0
127900,PEARLS,4997.5
128000,PEARLS,5001.0
128000,BANANAS,2464.5
128100,BANANAS,2465.0
128100,PEARLS,9999.0
128200,BANANAS,2465.0
128200,PEARLS,4998.0
128300,BANANAS,2466.0
128300,PEARLS,4998.0
128400,PEARLS,5001.0
128400,BANANAS,2464.5
128500,BANANAS,2465.0
128500,PEARLS,4998.0
128600,BANANAS,2465.0
128600,PEARLS,4999.0
128700,BANANAS,2465.0
128700,PEARLS,4998.0
128800,PEARLS,4999.0
128800,BANANAS,2465.5
128900,BANANAS,2465.5
128900,PEARLS,4997.5
129000,BANANAS,2465.5
129000,PEARLS,4998.0
129100,BANANAS,2465.5
129100,PEARLS,4997.5
129200,PEARLS,4997.5
129200,BANANAS,2466.0
129300,BANANAS,2466.0
129300,PEARLS,4999.0
129400,BANANAS,2466.0
129400,PEARLS,4997.5
129500,BANANAS,2466.0
129500,PEARLS,9997.0
129600,PEARLS,4999.0
129600,BANANAS,2466.0
129700,PEARLS,9998.0
129700,BANANAS,2466.0
129800,BANANAS,2467.0
129800,PEARLS,4997.5
129900,BANANAS,2466.0
129900,PEARLS,4998.0
130000,BANANAS,2466.0
130000,PEARLS,4998.0
130100,PEARLS,9999.0
130100,BANANAS,4934.5
130200,PEARLS,4997.5
130200,BANANAS,2466.0
130300,BANANAS,2465.5
130300,PEARLS,4997.5
130400,PEARLS,5001.0
130400,BANANAS,2465.5
130500,PEARLS,9999.0
130500,BANANAS,4934.5
130600,PEARLS,5001.0
130600,BANANAS,2465.5
130700,BANANAS,2465.5
130700,PEARLS,4998.0
130800,PEARLS,4999.0
130800,BANANAS,2466.0
130900,PEARLS,4997.5
130900,BANANAS,2465.5
131000,PEARLS,4998.0
131000,BANANAS,2467.0
131100,BANANAS,2468.0
131100,PEARLS,4998.0
131200,BANANAS,2465.0
131200,PEARLS,4998.0
131300,PEARLS,4997.5
131300,BANANAS,2466.5
131400,PEARLS,4997.5
131400,BANANAS,2465.0
131500,PEARLS,4998.0
131500,BANANAS,2465.0
131600,BANANAS,2465.5
131600,PEARLS,5000.0
131700,PEARLS,4998.0
131700,BANANAS,2465.0
131800,PEARLS,4999.0
131800,BANANAS,2465.5
131900,PEARLS,4998.0
131900,BANANAS,2465.5
132000,BANANAS,2465.5
132000,PEARLS,4998.0
132100,PEARLS,5001.0
132100,BANANAS,2467.0
132200,PEARLS,4998.0
132200,BANANAS,2465.5
132300,PEARLS,4997.5
132300,BANANAS,2465.5
132400,BANANAS,2465.5
132400,PEARLS,4997.5
132500,PEARLS,4999.0
132500,BANANAS,2468.0
132600,PEARLS,4999.0
132600,BANANAS,2465.5
132700,PEARLS,4998.0
132700,BANANAS,2465.5
132800,BANANAS,2465.0
132800,PEARLS,4997.5
132900,PEARLS,4997.5
132900,BANANAS,2467.5
133000,PEARLS,9997.0
133000,BANANAS,2465.5
133100,PEARLS,4998.0
133100,BANANAS,2465.0
133200,BANANAS,2467.5
133200,PEARLS,4999.0
133300,PEARLS,4997.5
133300,BANANAS,2467.5
133400,PEARLS,5000.0
133400,BANANAS,2465.0
133500,PEARLS,4999.0
133500,BANANAS,2465.0
133600,BANANAS,4929.5
133600,PEARLS,9999.0
133700,PEARLS,4998.0
133700,BANANAS,2464.5
133800,PEARLS,4998.0
133800,BANANAS,2464.5
133900,PEARLS,4997.5
133900,BANANAS,2464.5
134000,BANANAS,2465.0
134000,PEARLS,4998.0
134100,PEARLS,4997.5
134100,BANANAS,2464.5
134200,PEARLS,4999.0
134200,BANANAS,2465.5
134300,BANANAS,2465.0
134300,PEARLS,9999.0
134400,BANANAS,2465.0
134400,PEARLS,4998.0
134500,BANANAS,2465.0
134500,PEARLS,4997.5
134600,PEARLS,4998.0
134600,BANANAS,2465.0
134700,PEARLS,4999.0
134700,BANANAS,2465.5
134800,BANANAS,4931.5
134800,PEARLS,9999.0
134900,PEARLS,9999.0
134900,BANANAS,2465.5
135000,PEARLS,5001.0
135000,BANANAS,2465.5
135100,PEARLS,5001.0
135100,BANANAS,2465.5
135200,BANANAS,4935.5
135200,PEARLS,9999.0
135300,PEARLS,4998.0
135300,BANANAS,2465.5
135400,PEARLS,9999.0
135400,BANANAS,2465.5
135500,PEARLS,4998.0
135500,BANANAS,2465.5
135600,BANANAS,2465.0
135600,PEARLS,4997.5
135700,BANANAS,2467.0
135700,PEARLS,4997.5
135800,PEARLS,9999.0
135800,BANANAS,4930.5
135900,BANANAS,2464.5
135900,PEARLS,5001.0
136000,BANANAS,2464.5
136000,PEARLS,9999.0
136100,BANANAS,2464.0
136100,PEARLS,4997.5
136200,PEARLS,4997.5
136200,BANANAS,2466.5
136300,BANANAS,2464.5
136300,PEARLS,4998.0
136400,BANANAS,2467.0
136400,PEARLS,4997.5
136500,BANANAS,4929.5
136500,PEARLS,9999.0
136600,PEARLS,4997.5
136600,BANANAS,2464.0
136700,BANANAS,2464.0
136700,PEARLS,4998.0
136800,BANANAS,2463.5
136800,PEARLS,4997.5
136900,BANANAS,2464.5
136900,PEARLS,4999.0
137000,PEARLS,5001.0
137000,BANANAS,2464.0
137100,BANANAS,2463.5
137100,PEARLS,5001.0
137200,BANANAS,2463.5
137200,PEARLS,4997.5
137300,BANANAS,2464.0
137300,PEARLS,4998.0
137400,PEARLS,4997.5
137400,BANANAS,2464.0
137500,BANANAS,2464.0
137500,PEARLS,9997.0
137600,BANANAS,2464.0
137600,PEARLS,9999.0
137700,BANANAS,2463.5
137700,PEARLS,4998.0
137800,PEARLS,4998.0
137800,BANANAS,2464.0
137900,BANANAS,2463.5
137900,PEARLS,4998.0
138000,BANANAS,2463.5
138000,PEARLS,4997.5
138100,BANANAS,4928.5
138100,PEARLS,4998.0
138200,PEARLS,9997.0
138200,BANANAS,2466.5
138300,BANANAS,2464.0
138300,PEARLS,4997.5
138400,BANANAS,2464.5
138400,PEARLS,5001.0
138500,BANANAS,2466.5
138500,PEARLS,4998.0
138600,BANANAS,2466.5
138600,PEARLS,4998.0
138700,PEARLS,9999.0
138700,BANANAS,4930.5
138800,BANANAS,2464.0
138800,PEARLS,4997.5
138900,BANANAS,2464.0
138900,PEARLS,4998.0
139000,PEARLS,4998.0
139000,BANANAS,2464.0
139100,PEARLS,5000.0
139100,BANANAS,2464.0
139200,PEARLS,4997.5
139200,BANANAS,2464.0
139300,BANANAS,2466.5
139300,PEARLS,4997.5
139400,PEARLS,9997.0
139400,BANANAS,4930.5
139500,PEARLS,4998.0
139500,BANANAS,2464.0
139600,PEARLS,4997.5
139600,BANANAS,2464.0
139700,BANANAS,2464.0
139700,PEARLS,4998.0
139800,PEARLS,4998.0
139800,BANANAS,2463.5
139900,PEARLS,4998.0
139900,BANANAS,2463.5
140000,PEARLS,4997.5
140000,BANANAS,2465.5
140100,PEARLS,4999.0
140100,BANANAS,2464.0
140200,BANANAS,2464.0
140200,PEARLS,4998.0
140300,PEARLS,4999.0
140300,BANANAS,2464.5
140400,PEARLS,4999.0
140400,BANANAS,2464.5
140500,PEARLS,9997.0
140500,BANANAS,2464.5
140600,BANANAS,2464.5
140600,PEARLS,4998.0
140700,PEARLS,4998.0
140700,BANANAS,2464.5
140800,PEARLS,9997.0
140800,BANANAS,2464.0
140900,PEARLS,4998.0
140900,BANANAS,2464.0
141000,BANANAS,2464.0
141000,PEARLS,9997.0
141100,PEARLS,4997.5
141100,BANANAS,2463.5
141200,PEARLS,4997.5
141200,BANANAS,2464.0
141300,PEARLS,10001.0
141300,BANANAS,2464.0
141400,BANANAS,2464.0
141400,PEARLS,4997.5
141500,PEARLS,4998.0
141500,BANANAS,2464.0
141600,PEARLS,9999.0
141600,BANANAS,4930.5
141700,PEARLS,5001.0
141700,BANANAS,2464.0
141800,BANANAS,2464.0
141800,PEARLS,4997.5
141900,PEARLS,4999.0
141900,BANANAS,2464.5
142000,PEARLS,4997.5
142000,BANANAS,2464.0
142100,PEARLS,4997.5
142100,BANANAS,2464.5
142200,BANANAS,2464.5
142200,PEARLS,4997.5
142300,PEARLS,4998.0
142300,BANANAS,2464.5
142400,PEARLS,4997.5
142400,BANANAS,2464.5
142500,PEARLS,4997.5
142500,BANANAS,2464.0
142600,BANANAS,2467.0
142600,PEARLS,4998.0
142700,PEARLS,4998.0
142700,BANANAS,2466.5
142800,PEARLS,4999.0
142800,BANANAS,2465.0
142900,PEARLS,4998.0
142900,BANANAS,2464.5
143000,BANANAS,2464.5
143000,PEARLS,4998.0
143100,BANANAS,2465.0
143100,PEARLS,4998.0
143200,PEARLS,4998.0
143200,BANANAS,2465.0
143300,BANANAS,2465.0
143300,PEARLS,4999.0
143400,BANANAS,2466.0
143400,PEARLS,4998.0
143500,PEARLS,4999.0
143500,BANANAS,2465.5
143600,PEARLS,4998.0
143600,BANANAS,2465.0
143700,PEARLS,4998.0
143700,BANANAS,2465.0
143800,BANANAS,2465.0
143800,PEARLS,4999.0
143900,PEARLS,5000.0
143900,BANANAS,2465.0
144000,PEARLS,9999.0
144000,BANANAS,2465.0
144100,PEARLS,4998.0
144100,BANANAS,2467.5
144200,BANANAS,2465.5
144200,PEARLS,4999.0
144300,PEARLS,4997.5
144300,BANANAS,2465.0
144400,PEARLS,4998.0
144400,BANANAS,2465.5
144500,PEARLS,4998.0
144500,BANANAS,2465.5
144600,BANANAS,2466.0
144600,PEARLS,4999.0
144700,BANANAS,2466.0
144700,PEARLS,4998.0
144800,PEARLS,5001.0
144800,BANANAS,2465.5
144900,BANANAS,2466.0
144900,PEARLS,4998.0
145000,BANANAS,2466.0
145000,PEARLS,4998.0
145100,BANANAS,2466.5
145100,PEARLS,4999.0
145200,PEARLS,4998.0
145200,BANANAS,2465.5
145300,BANANAS,2468.0
145300,PEARLS,4998.0
145400,BANANAS,2465.5
145400,PEARLS,4998.0
145500,BANANAS,2465.5
145500,PEARLS,9999.0
145600,PEARLS,4997.5
145600,BANANAS,2465.5
145700,BANANAS,4933.5
145700,PEARLS,9999.0
145800,BANANAS,2466.0
145800,PEARLS,4999.0
145900,BANANAS,2465.0
145900,PEARLS,5001.0
146000,PEARLS,4998.0
146000,BANANAS,2465.0
146100,BANANAS,2465.0
146100,PEARLS,4997.5
146200,BANANAS,2466.5
146200,PEARLS,9999.0
146300,BANANAS,2465.0
146300,PEARLS,4997.5
146400,PEARLS,4999.0
146400,BANANAS,2465.5
146500,BANANAS,2467.5
146500,PEARLS,9997.0
146600,BANANAS,2465.0
146600,PEARLS,4998.0
146700,BANANAS,2465.0
146700,PEARLS,4998.0
146800,PEARLS,4999.0
146800,BANANAS,2465.0
146900,BANANAS,2464.5
146900,PEARLS,4998.0
147000,BANANAS,2464.0
147000,PEARLS,5001.0
147100,BANANAS,2464.5
147100,PEARLS,4999.0
147200,PEARLS,4997.5
147200,BANANAS,2467.0
147300,BANANAS,2464.5
147300,PEARLS,4998.0
147400,BANANAS,2464.5
147400,PEARLS,4998.0
147500,BANANAS,2467.5
147500,PEARLS,4997.5
147600,BANANAS,2465.0
147600,PEARLS,4998.0
147700,PEARLS,5001.0
147700,BANANAS,2465.0
147800,BANANAS,2464.5
147800,PEARLS,4998.0
147900,BANANAS,2467.0
147900,PEARLS,4998.0
148000,PEARLS,5001.0
148000,BANANAS,2464.5
148100,PEARLS,4997.5
148100,BANANAS,2465.0
148200,PEARLS,9997.0
148200,BANANAS,2467.5
148300,BANANAS,4931.5
148300,PEARLS,5001.0
148400,PEARLS,4998.0
148400,BANANAS,2465.0
148500,PEARLS,4999.0
148500,BANANAS,2465.5
148600,PEARLS,4998.0
148600,BANANAS,2464.5
148700,BANANAS,2467.5
148700,PEARLS,4997.5
148800,PEARLS,9999.0
148800,BANANAS,2464.5
148900,PEARLS,4998.0
148900,BANANAS,2464.5
149000,PEARLS,9999.0
149000,BANANAS,2467.0
149100,PEARLS,4999.0
149100,BANANAS,2464.5
149200,BANANAS,2464.0
149200,PEARLS,4999.0
149300,PEARLS,4999.0
149300,BANANAS,2464.0
149400,PEARLS,4997.5
149400,BANANAS,2464.0
149500,PEARLS,4997.5
149500,BANANAS,2464.0
149600,BANANAS,2464.5
149600,PEARLS,4999.0
149700,PEARLS,4999.0
149700,BANANAS,2464.5
149800,PEARLS,9999.0
149800,BANANAS,2464.0
149900,PEARLS,4997.5
149900,BANANAS,2464.0
